<?xml version="1.0" encoding="UTF-8"?>
<project-private xmlns="http://www.netbeans.org/ns/project-private/1">
    <editor-bookmarks xmlns="http://www.netbeans.org/ns/editor-bookmarks/2" lastBookmarkId="0"/>
    <open-files xmlns="http://www.netbeans.org/ns/projectui-open-files/2">
        <group>
            <file>file:/C:/Users/danel/Downloads/CAJERO/CajeroPOO_Daniel%20Rozo(TERMINADO)/CajeroPOO_Daniel%20Rozo(CON%20LO%20NUEVO)/Cajero/src/paquete/Cajero2.java</file>
            <file>file:/C:/Users/danel/Downloads/CAJERO/CajeroPOO_Daniel%20Rozo(TERMINADO)/CajeroPOO_Daniel%20Rozo(CON%20LO%20NUEVO)/Cajero/src/paquete/principal.java</file>
            <file>file:/C:/Users/danel/Downloads/CAJERO/CajeroPOO_Daniel%20Rozo(TERMINADO)/CajeroPOO_Daniel%20Rozo(CON%20LO%20NUEVO)/Cajero/src/paquete/NewJFrame1.java</file>
            <file>file:/C:/Users/danel/Downloads/CAJERO/CajeroPOO_Daniel%20Rozo(TERMINADO)/CajeroPOO_Daniel%20Rozo(CON%20LO%20NUEVO)/Cajero/src/paquete/NewJFrame.java</file>
            <file>file:/C:/Users/danel/Downloads/CAJERO/CajeroPOO_Daniel%20Rozo(TERMINADO)/CajeroPOO_Daniel%20Rozo(CON%20LO%20NUEVO)/Cajero/src/paquete/Cajero.java</file>
        </group>
    </open-files>
</project-private>
